{
	"version": 1,
	"changelists": [
		{
			"guid": "00000000000000000000000000000000",
			"description": "Default Uncontrolled Changelist",
			"files": [
				"C:/Users/rogsh/Documents/Unreal Projects/MyProject/Content/Maps/Demo.umap",
				"C:/Users/rogsh/Documents/Unreal Projects/MyProject/Content/Assets/Tileset_TileMap.uasset",
				"C:/Users/rogsh/Documents/Unreal Projects/MyProject/Content/Assets/Alex/Crouching/alex-crouch.uasset",
				"C:/Users/rogsh/Documents/Unreal Projects/MyProject/Content/Blueprints/NewBlueprint.uasset",
				"C:/Users/rogsh/Documents/Unreal Projects/MyProject/Content/Blueprints/AlexBlueprint.uasset",
				"C:/Users/rogsh/Documents/Unreal Projects/MyProject/Content/Blueprints/GamemodeBlueprint.uasset",
				"C:/Users/rogsh/Documents/Unreal Projects/MyProject/Content/Assets/Alex/Crouching/alex-crouch1.uasset",
				"C:/Users/rogsh/Documents/Unreal Projects/MyProject/Content/Assets/Alex/Crouching/alex-crouch1_Sprite.uasset",
				"C:/Users/rogsh/Documents/Unreal Projects/MyProject/Content/Assets/Alex/Crouching/alex-crouch2.uasset",
				"C:/Users/rogsh/Documents/Unreal Projects/MyProject/Content/Assets/Alex/Crouching/alex-crouch2_Sprite.uasset",
				"C:/Users/rogsh/Documents/Unreal Projects/MyProject/Content/Assets/Alex/Crouching/alex-crouch3.uasset",
				"C:/Users/rogsh/Documents/Unreal Projects/MyProject/Content/Assets/Alex/Crouching/alex-crouch3_Sprite.uasset",
				"C:/Users/rogsh/Documents/Unreal Projects/MyProject/Content/Assets/Alex/Crouching/alex-crouch4.uasset",
				"C:/Users/rogsh/Documents/Unreal Projects/MyProject/Content/Assets/Alex/Crouching/alex-crouch4_Sprite.uasset",
				"C:/Users/rogsh/Documents/Unreal Projects/MyProject/Content/Assets/Alex/Crouching/alex-crouch5.uasset",
				"C:/Users/rogsh/Documents/Unreal Projects/MyProject/Content/Assets/Alex/Crouching/alex-crouch5_Sprite.uasset",
				"C:/Users/rogsh/Documents/Unreal Projects/MyProject/Content/Assets/Alex/Crouching/alex-crouch6.uasset",
				"C:/Users/rogsh/Documents/Unreal Projects/MyProject/Content/Assets/Alex/Crouching/alex-crouch6_Sprite.uasset",
				"C:/Users/rogsh/Documents/Unreal Projects/MyProject/Content/Assets/Alex/alex-default.uasset",
				"C:/Users/rogsh/Documents/Unreal Projects/MyProject/Content/Assets/Alex/Idle/alex-idle.uasset",
				"C:/Users/rogsh/Documents/Unreal Projects/MyProject/Content/Assets/Alex/Idle/alex-idle1.uasset",
				"C:/Users/rogsh/Documents/Unreal Projects/MyProject/Content/Assets/Alex/Idle/alex-idle1_Sprite.uasset",
				"C:/Users/rogsh/Documents/Unreal Projects/MyProject/Content/Assets/Alex/Idle/alex-idle2.uasset",
				"C:/Users/rogsh/Documents/Unreal Projects/MyProject/Content/Assets/Alex/Idle/alex-idle2_Sprite.uasset",
				"C:/Users/rogsh/Documents/Unreal Projects/MyProject/Content/Assets/Alex/Idle/alex-idle3.uasset",
				"C:/Users/rogsh/Documents/Unreal Projects/MyProject/Content/Assets/Alex/Idle/alex-idle3_Sprite.uasset",
				"C:/Users/rogsh/Documents/Unreal Projects/MyProject/Content/Assets/Alex/Idle/alex-idle4.uasset",
				"C:/Users/rogsh/Documents/Unreal Projects/MyProject/Content/Assets/Alex/Idle/alex-idle4_Sprite.uasset",
				"C:/Users/rogsh/Documents/Unreal Projects/MyProject/Content/Assets/Alex/Idle/alex-idle5.uasset",
				"C:/Users/rogsh/Documents/Unreal Projects/MyProject/Content/Assets/Alex/Idle/alex-idle5_Sprite.uasset",
				"C:/Users/rogsh/Documents/Unreal Projects/MyProject/Content/Assets/Alex/Jumping/alex-jump.uasset",
				"C:/Users/rogsh/Documents/Unreal Projects/MyProject/Content/Assets/Alex/Jumping/alex-jump1.uasset",
				"C:/Users/rogsh/Documents/Unreal Projects/MyProject/Content/Assets/Alex/Jumping/alex-jump10.uasset",
				"C:/Users/rogsh/Documents/Unreal Projects/MyProject/Content/Assets/Alex/Jumping/alex-jump10_Sprite.uasset",
				"C:/Users/rogsh/Documents/Unreal Projects/MyProject/Content/Assets/Alex/Jumping/alex-jump11.uasset",
				"C:/Users/rogsh/Documents/Unreal Projects/MyProject/Content/Assets/Alex/Jumping/alex-jump11_Sprite.uasset",
				"C:/Users/rogsh/Documents/Unreal Projects/MyProject/Content/Assets/Alex/Jumping/alex-jump12.uasset",
				"C:/Users/rogsh/Documents/Unreal Projects/MyProject/Content/Assets/Alex/Jumping/alex-jump12_Sprite.uasset",
				"C:/Users/rogsh/Documents/Unreal Projects/MyProject/Content/Assets/Alex/Jumping/alex-jump13.uasset",
				"C:/Users/rogsh/Documents/Unreal Projects/MyProject/Content/Assets/Alex/Jumping/alex-jump13_Sprite.uasset",
				"C:/Users/rogsh/Documents/Unreal Projects/MyProject/Content/Assets/Alex/Jumping/alex-jump1_Sprite.uasset",
				"C:/Users/rogsh/Documents/Unreal Projects/MyProject/Content/Assets/Alex/Jumping/alex-jump2.uasset",
				"C:/Users/rogsh/Documents/Unreal Projects/MyProject/Content/Assets/Alex/Jumping/alex-jump2_Sprite.uasset",
				"C:/Users/rogsh/Documents/Unreal Projects/MyProject/Content/Assets/Alex/Jumping/alex-jump3.uasset",
				"C:/Users/rogsh/Documents/Unreal Projects/MyProject/Content/Assets/Alex/Jumping/alex-jump3_Sprite.uasset",
				"C:/Users/rogsh/Documents/Unreal Projects/MyProject/Content/Assets/Alex/Jumping/alex-jump4.uasset",
				"C:/Users/rogsh/Documents/Unreal Projects/MyProject/Content/Assets/Alex/Jumping/alex-jump4_Sprite.uasset",
				"C:/Users/rogsh/Documents/Unreal Projects/MyProject/Content/Assets/Alex/Jumping/alex-jump5.uasset",
				"C:/Users/rogsh/Documents/Unreal Projects/MyProject/Content/Assets/Alex/Jumping/alex-jump5_Sprite.uasset",
				"C:/Users/rogsh/Documents/Unreal Projects/MyProject/Content/Assets/Alex/Jumping/alex-jump6.uasset",
				"C:/Users/rogsh/Documents/Unreal Projects/MyProject/Content/Assets/Alex/Jumping/alex-jump6_Sprite.uasset",
				"C:/Users/rogsh/Documents/Unreal Projects/MyProject/Content/Assets/Alex/Jumping/alex-jump7.uasset",
				"C:/Users/rogsh/Documents/Unreal Projects/MyProject/Content/Assets/Alex/Jumping/alex-jump7_Sprite.uasset",
				"C:/Users/rogsh/Documents/Unreal Projects/MyProject/Content/Assets/Alex/Jumping/alex-jump8.uasset",
				"C:/Users/rogsh/Documents/Unreal Projects/MyProject/Content/Assets/Alex/Jumping/alex-jump8_Sprite.uasset",
				"C:/Users/rogsh/Documents/Unreal Projects/MyProject/Content/Assets/Alex/Jumping/alex-jump9.uasset",
				"C:/Users/rogsh/Documents/Unreal Projects/MyProject/Content/Assets/Alex/Jumping/alex-jump9_Sprite.uasset",
				"C:/Users/rogsh/Documents/Unreal Projects/MyProject/Content/Assets/Alex/Kicking/alex-kicking-off.uasset",
				"C:/Users/rogsh/Documents/Unreal Projects/MyProject/Content/Assets/Alex/Kicking/alex-kicking-off1.uasset",
				"C:/Users/rogsh/Documents/Unreal Projects/MyProject/Content/Assets/Alex/Kicking/alex-kicking-off1_Sprite.uasset",
				"C:/Users/rogsh/Documents/Unreal Projects/MyProject/Content/Assets/Alex/Kicking/alex-kicking-off2.uasset",
				"C:/Users/rogsh/Documents/Unreal Projects/MyProject/Content/Assets/Alex/Kicking/alex-kicking-off2_Sprite.uasset",
				"C:/Users/rogsh/Documents/Unreal Projects/MyProject/Content/Assets/Alex/Kicking/alex-kicking-off3.uasset",
				"C:/Users/rogsh/Documents/Unreal Projects/MyProject/Content/Assets/Alex/Kicking/alex-kicking-off3_Sprite.uasset",
				"C:/Users/rogsh/Documents/Unreal Projects/MyProject/Content/Assets/Alex/Kicking/alex-kicking-off4.uasset",
				"C:/Users/rogsh/Documents/Unreal Projects/MyProject/Content/Assets/Alex/Kicking/alex-kicking-off4_Sprite.uasset",
				"C:/Users/rogsh/Documents/Unreal Projects/MyProject/Content/Assets/Alex/Kicking/alex-kicking-off5.uasset",
				"C:/Users/rogsh/Documents/Unreal Projects/MyProject/Content/Assets/Alex/Kicking/alex-kicking-off5_Sprite.uasset",
				"C:/Users/rogsh/Documents/Unreal Projects/MyProject/Content/Assets/Alex/Kicking/alex-kicking-off6.uasset",
				"C:/Users/rogsh/Documents/Unreal Projects/MyProject/Content/Assets/Alex/Kicking/alex-kicking-off6_Sprite.uasset",
				"C:/Users/rogsh/Documents/Unreal Projects/MyProject/Content/Assets/Alex/Kicking/alex-kicking-off7.uasset",
				"C:/Users/rogsh/Documents/Unreal Projects/MyProject/Content/Assets/Alex/Kicking/alex-kicking-off7_Sprite.uasset",
				"C:/Users/rogsh/Documents/Unreal Projects/MyProject/Content/Assets/Alex/Kicking/alex-kicking-off8.uasset",
				"C:/Users/rogsh/Documents/Unreal Projects/MyProject/Content/Assets/Alex/Kicking/alex-kicking-off8_Sprite.uasset",
				"C:/Users/rogsh/Documents/Unreal Projects/MyProject/Content/Assets/Alex/Kicking/alex-kicking-off9.uasset",
				"C:/Users/rogsh/Documents/Unreal Projects/MyProject/Content/Assets/Alex/Kicking/alex-kicking-off9_Sprite.uasset",
				"C:/Users/rogsh/Documents/Unreal Projects/MyProject/Content/Assets/Tileset.uasset",
				"C:/Users/rogsh/Documents/Unreal Projects/MyProject/Content/Assets/Tileset_TileSet.uasset",
				"C:/Users/rogsh/Documents/Unreal Projects/MyProject/Content/Assets/wallpaperflare_com_wallpaper.uasset",
				"C:/Users/rogsh/Documents/Unreal Projects/MyProject/Content/Assets/wallpaperflare_com_wallpaper_Sprite.uasset"
			]
		}
	]
}